<?xml version="1.0" encoding="UTF-8"?>
<beans xmlns="http://www.springframework.org/schema/beans"
       xmlns:xsi="http://www.w3.org/2001/XMLSchema-instance"
       xmlns:ws="http://jax-ws.dev.java.net/spring/core"
       xmlns:wss="http://jax-ws.dev.java.net/spring/servlet"
       xsi:schemaLocation="http://www.springframework.org/schema/beans
       http://www.springframework.org/schema/beans/spring-beans-2.5.xsd
       http://jax-ws.dev.java.net/spring/core
        http://jax-ws.dev.java.net/spring/core.xsd
        http://jax-ws.dev.java.net/spring/servlet
        http://jax-ws.dev.java.net/spring/servlet.xsd"
>
 
   <!--  <wss:binding url="/calculate">   
        <wss:service>
            <ws:service bean="#cc"/>
        </wss:service>
    </wss:binding>

    Web service methods
    <bean id="cc" class="service.TaskService">
    	<property name="obj" ref="ccsi" />
    	<property name="aptskdao" ref="ccsi1" />
    	<property name="empDAO" ref="ccsi2" />
    </bean>
    
    <bean id="ccsi" class="dao.TaskDAOImpl" />
    <bean id="ccsi1" class="dao.ApprovalTaskDAOImpl" />
    <bean id="ccsi2" class="dao.EmployeeDAOImpl" /> -->
    
</beans>