<?xml version="1.0" encoding="UTF-8"?>
<beans xmlns="http://www.springframework.org/schema/beans"
	xmlns:xsi="http://www.w3.org/2001/XMLSchema-instance" xmlns:tx="http://www.springframework.org/schema/tx"
	xmlns:context="http://www.springframework.org/schema/context"
	xmlns:p="http://www.springframework.org/schema/p"
	xsi:schemaLocation="http://www.springframework.org/schema/beans
							http://www.springframework.org/schema/beans/spring-beans-2.5.xsd
							http://www.springframework.org/schema/context http://www.springframework.org/schema/context/spring-context-2.5.xsd
							http://www.springframework.org/schema/tx
							http://www.springframework.org/schema/tx/spring-tx-2.5.xsd" default-autowire="byName">
	
	<context:component-scan base-package="controller" />
	  
  <bean class="org.springframework.orm.jpa.support.PersistenceAnnotationBeanPostProcessor"/>

	<bean id="dataSource"
		class="org.springframework.jdbc.datasource.DriverManagerDataSource">
		<property name="driverClassName" value="com.mysql.jdbc.Driver" />
		<property name="url" value="jdbc:mysql://localhost:3306/springhibernate" />
		<property name="username" value="root" />
		<property name="password" value="rajesh" />
	</bean> 
	
	<bean id="entityManagerFactory"
		class="org.springframework.orm.jpa.LocalContainerEntityManagerFactoryBean">
		<property name="dataSource" ref="dataSource"></property>
		<property name="persistenceUnitName" value="springjpaPU" />  <!-- persistent.xml   unit name -->
		<property name="jpaVendorAdapter">
			<bean class="org.springframework.orm.jpa.vendor.HibernateJpaVendorAdapter"
				p:database="MYSQL" p:showSql="true" />
		</property>
		  <property name="jpaDialect">
      <bean class="org.springframework.orm.jpa.vendor.HibernateJpaDialect"/>
    </property>
		<property name="jpaProperties">
			<props>
				<prop key="hibernate.archive.autodetection">class</prop>
				 <prop key="hibernate.hbm2ddl.auto">update</prop> 
			</props>
		</property>
	</bean>	
	
	<bean id="empDAO" class="dao.EmployeeDAOImpl">
		
	</bean>
	<bean id="obj" class="dao.TaskDAOImpl">
		
	</bean>
	<bean id="aptskdao" class="dao.ApprovalTaskDAOImpl">
		
	</bean>
		
</beans>