<?xml version="1.0" encoding="UTF-8"?>
<beans xmlns="http://www.springframework.org/schema/beans"
	xmlns:xsi="http://www.w3.org/2001/XMLSchema-instance"
	xmlns:ctx="http://www.springframework.org/schema/context"
	xsi:schemaLocation="http://www.springframework.org/schema/beans 
	http://www.springframework.org/schema/beans/spring-beans-2.5.xsd
	http://www.springframework.org/schema/context
	http://www.springframework.org/schema/context/spring-context-2.5.xsd ">
	
	<bean id="xyz" class="com.springdemo.Trainer">
		<property name="li">
			<ref bean="lll"/>
		</property>
	</bean>
	
	<bean id="lll" class="com.springdemo.Library">
	</bean>
	
	<bean id="def" class="com.springdemo.Trainees">
		<property name="ti">
			<ref bean="xyz"/>
		</property>
		
		<property name="li">
			<ref bean="lll"/>
		</property>
	</bean>

</beans>
